x1;x2;label;value
0.29561246800078506;585.4911512933602;0;0.09544802114469943
0.6211510624121157;816.8334736868242;1;
0.31102860565840335;435.8143258025678;2;
0.2782575372276696;515.486391567465;2;
0.10443599113502346;160.60577795870623;2;
0.7744579250727386;1113.5485050168804;1;
0.1071192888696082;1159.4565017350071;2;
0.9467099427296071;812.3416434718413;1;
0.16691146129929996;314.88017461393997;2;
0.42053593257034894;827.844885017362;1;
0.5363062796766349;319.77830346035745;2;
0.9433369741786181;1052.4931805815186;1;
0.8312348316605714;1134.9428937631794;1;
0.7808701707051401;1112.0637761729718;1;
0.028787852660120468;753.5323703751563;2;
0.4802258960592808;538.3690765009068;0;0.07392441785538235
0.9425525757754344;941.2280306238471;1;
0.25547966583815296;865.5463881987462;1;
0.8984192669126149;600.7220546626902;1;
0.29026063749979003;1022.6397054688317;1;
0.6897745731430331;997.3563977893068;1;
0.5085758786934338;666.2061638623317;1;
0.1731283516264848;1106.1793239048056;1;
0.10621831331021453;633.61468060903;2;
0.43167909142834393;782.4217336020731;1;
0.9241556783409509;989.7736919454135;1;
0.2194834408730037;684.0422849169264;2;
0.23485801932162112;118.83824805149678;2;
0.11733260502597734;207.7916769639766;2;
0.5932394470389905;1167.5580169716445;1;
0.7133070766652884;245.8071723501425;2;
0.11808593302252052;581.0774035436375;2;
0.8402514366928813;220.5732272412087;2;
0.24519417506489624;1024.798082046761;1;
0.043693344384226666;998.1577207855199;2;
0.35358250969380833;621.7649783707733;0;0.06866312047795554
0.3238237810964094;1091.77233239971;1;
0.8485241239755363;677.5917418697111;1;
0.4527210456220634;751.3907074975988;1;
0.5949574062774776;317.93561273051284;0;0.14321654535509054
0.2835859269700433;749.0351972915978;0;0.06355792391298148
0.2924933774749245;771.0080981672787;0;0.0564468373735003
0.8566219615016915;752.6483801638869;1;
0.7940316615865972;124.69599116422862;2;
0.15433581828635357;101.19738514548499;2;
0.8380779066625171;1100.0182943034188;1;
0.05386547486356425;759.1007498115941;2;
0.11166496447808068;1139.1816303315727;2;
0.809713058278954;418.1357906758548;0;0.11268219586710426
0.8935226977454834;617.3167188232783;1;
0.6707454776176304;315.52485321793677;0;0.14735803205125905
0.4288086034651346;653.762024284265;1;
0.36589929546756994;524.8938079890859;0;0.08741153166906247
0.8494795568855043;512.179933522603;1;
0.3623978911058997;772.022872165078;1;
0.9082529984040519;390.2012590458329;0;0.12907256282832705
0.3048529121731056;833.1967931094464;1;
0.5479280218781173;587.6326511218211;1;
0.909796351441974;425.47807626516686;1;
0.5659868074515885;447.35578103307074;0;0.09441063422097226
0.8728632952334122;409.79281883146626;1;
0.5303969575617783;535.311595343848;0;0.07389915835250842
0.3275289746581216;764.4277695906719;1;
0.5647506848436753;284.23172202466753;2;
0.6230867868115044;528.0044372357713;1;
0.3844438162928916;657.3604897453109;3;
0.5750864706459528;520.3755437170079;1;
0.2821605838474511;658.2393425007932;0;0.08396831886953313
0.9084368019908231;288.46856028082647;0;0.18207060800959907
0.4311341913461857;583.2024330096783;0;0.06744847958228867
0.8443387237826658;442.4710025676247;1;
0.7295965980918762;500.74453380472943;1;
0.2500668972104695;668.8763356179572;2;
0.9536672898914677;251.29069597850116;2;
0.5139335148119664;394.2553169616718;0;0.11098453644992064
0.9531196545260144;350.3839105362938;0;0.14988881488881775
0.6272458193239372;248.64622541666267;2;
0.6034674588153176;274.95620075801037;2;
0.8403790824143438;405.4690160522504;0;0.1188524009530029
0.8361789311469227;301.83968455762806;0;0.16673023947217186
0.59440669250284;480.19323451323817;0;0.08645135334969604
0.2615351384557395;646.5029612851976;2;
0.5752972946180317;306.1255627131225;2;
0.31496696309903777;723.5679293672209;0;0.05842220926100223
0.32420537739675176;495.72678909132907;2;
0.6554934346699951;276.8678418989912;2;
0.2680207442543439;556.2777189767922;2;
0.38063806312762843;448.2822421473394;0;0.10593383330231737
0.4310058938156821;322.11349864964905;2;
0.5338751103457675;563.6593168898412;1;
0.9794373538305348;367.9282061842838;0;0.14377114664459464
0.7673564960071669;293.82050303424563;0;0.16614309143500006
0.9156495492562383;246.7455104902115;2;
0.9002475255544873;223.61210325818183;2;
0.3402505637707062;678.2151748512722;0;0.060875809306937305
0.2388798434560277;801.3081117297364;0;0.08024412184782975
0.5702847283479503;342.53480280954574;0;0.1310102021712936
0.5668012108603713;349.69404771846064;0;0.1278368038549503
0.37720672899636437;371.0947898564075;2;
0.8588227377126079;387.21119728688217;0;0.12679117442693635
0.37753829239746994;717.4783401640569;1;
0.34214071064328305;515.4487375269081;0;0.09577223221895212
0.5463580932585249;547.3311472769592;1;
0.22497815437856716;840.5101126312156;0;0.08514251471976333
0.8566467117440865;407.39418825048807;1;
0.9755877120522026;321.3706350287923;0;0.16736107952460988
0.6835145341526255;286.2619829127338;0;0.16513614363509582
0.8119491054709583;456.7875891363493;1;
0.1463997110180724;780.058034729001;2;
0.8441170420613425;423.7377361693624;1;
0.753513926538623;440.11431642980097;1;
0.5461466138951336;341.5408875786492;0;0.13141222484729087
0.3044425458807571;545.1303667968546;2;
0.6543379383359255;300.47379136175954;0;0.1548867979917753
0.48099264447440204;346.08911064580377;2;
0.3452170437867692;492.0656257063533;0;0.10155684817609907
0.4158552747851641;617.9078383398752;0;0.06234006504251331
0.17242195890160286;941.1406871117451;2;
0.346367512119973;438.3663573781072;2;
0.23146657006528076;866.207379803341;0;0.070689765775288
0.695817334246826;391.19833329845824;0;0.11569812023380165
0.22715710824354868;928.2009062856913;1;
0.5322737963993543;549.4645883333569;1;
0.16511350359200408;843.3024771631907;2;
0.40343780143950864;408.3430573250823;0;0.11514469904650067
0.6931931911652607;261.2907997689549;2;
0.3818887839302984;409.5257141948189;2;
0.6693184198756885;412.93167783111755;0;0.10721462854864912
0.3149231960234448;746.3984640556682;3;
0.3329526043954307;481.43600874057756;2;
0.8338141416095289;260.9341726771496;2;
0.5676764254427195;490.1515839409053;0;0.08370707624283638
0.3603233652482826;456.8903313299501;0;0.10807228401062648
0.48761590643819697;601.9122208873491;1;
0.46761151337263207;395.37651912675096;0;0.11256564469274118
0.9869810560670045;343.71487048549733;0;0.15608106226218318
0.6538345992718388;474.253527615857;1;
0.8491887757212943;399.3808022337016;0;0.12158929089238141
0.7684604232610828;387.6035441959561;0;0.12088103139873752
0.6965290462562185;459.31984820336334;1;
0.7281453868229482;286.7501787781117;0;0.16774437991590946
0.7748799440817937;221.79970662490166;2;
0.5066691767197161;362.39931239390114;0;0.1231874791069318
0.46421537311743233;367.3520016708626;0;0.12346244495397668
0.2264748795920558;743.2279306477344;2;
0.24330722333955868;858.4364293828645;0;0.0628071975000958
0.5779999634749624;503.2602681163951;0;0.08090315159770858
0.62876770489287;433.36513133632786;0;0.09959777647434542
0.4546486145699584;364.14546186016736;2;
0.2883913896128599;804.6251881116193;1;
0.26370243418873884;829.3101990916649;1;
0.9714083194585436;409.7563640591817;1;
0.8268152336861551;281.97084156547584;0;0.17897635336025186
0.19333794917265607;786.9319156922661;2;
0.20876115227592834;778.5743246803011;2;
0.9972771228891444;330.6942250581492;0;0.1639853758991182
0.6929477848957373;428.86654933764913;0;0.10327719002965825
0.319298067321239;570.5156814570739;0;0.08880257740575151
0.6285952207800037;288.47175037482725;2;
0.19539270948362109;851.0873629378572;2;
0.24391461485499877;885.6782363789198;1;
0.7654746371147592;415.4358398942508;0;0.11104225040823923
0.7684689521622944;257.4684403237863;2;
0.7581099327673276;412.8478575796896;0;0.11148867548739708
0.23370335722581972;897.5810258735058;1;
0.6501325131278137;288.38176314990164;2;
0.7812937217204068;428.11560385857075;1;
0.3228487435670528;517.1791460790414;0;0.10207442048144783
0.6234138607267333;468.4931081062473;0;0.08999690128404526
0.2542269138678936;755.8869283901997;0;0.07846064201146041
0.7143327766788243;269.1392635705123;2;
0.23304914460631798;879.6062097796649;1;
0.945385832333487;386.4886876173562;0;0.13323315306074265
0.3583934925751548;650.9297139675529;0;0.06258384561107011
0.421220567311418;636.3306278416034;1;
0.25653533853152405;600.8004027468659;2;
0.6275334228714786;498.27783426051633;1;
0.9959790693243564;357.21701161847074;0;0.15011024597801992
0.24336247839522845;741.4065377508158;0;0.09220233114296866
0.24920087150241207;862.3984339161755;1;
0.42018848264460135;373.577862303521;2;
0.8988911200483849;264.8000943792654;0;0.19899558859399766
0.5481346387724315;525.3253548065293;0;0.07594650087793374
0.3091402986528306;734.9694584347129;0;0.05791463483858001
0.5021610707934964;338.0542666101111;2;
0.7294273516087116;420.9905224268383;0;0.1073829170568931
0.45476719984931746;609.7305668160822;1;
0.9997104250325161;354.79981130780084;0;0.1515876729084539
0.7114174640780674;441.67167952486955;0;0.1003526452679501
0.8112252001473943;437.43354156466427;1;
0.7619033364065279;429.21653039768154;0;0.10650697340040148
0.7783987146703484;414.05219166700635;0;0.11220953380872174
0.5036606968448715;558.9111934295745;0;0.06956437888396705
0.3464844299883414;723.4636267139675;1;
0.866976122818552;249.90966431479276;2;
0.7632660304557983;430.03189523012503;0;0.106326155233269
0.3753601555503689;634.433296946774;0;0.06318865664136934
0.2818189893821589;570.8816561790957;2;
0.7529263840137668;425.88061218767626;0;0.10705993742659595
0.4358125256300943;616.7641453444934;0;0.06143170294102529
0.5588402786820748;321.92109609626215;0;0.1407226230995764
0.9270281667264341;270.80516557625293;0;0.19709141747315542
0.8959376237017262;244.05844530951302;2;
0.467420772966535;351.67144460825824;2;
0.8021959362079968;428.58500511920084;1;
0.9552152145214228;289.96533825739414;0;0.1856113260990087
0.6056554233397143;298.0208839175996;2;
0.6058921702577013;500.71886110989686;1;
0.9397197864925426;419.6513599031651;1;
0.7380132508086231;261.70233526068415;2;
0.3306779162889465;705.6911945221884;3;
0.5155655425857635;586.4433318140398;1;
0.8975470648654158;254.40594299322208;2;
0.5705848574509388;318.5459419872832;0;0.1425116238457339
0.7538863533962683;276.40626436179144;0;0.17669085733024287
0.2827600182855734;585.1284443765553;2;
0.8707856912477896;289.49924342130777;0;0.1777930115563946
0.953215005145156;405.27759944183174;1;
0.2791645426458744;636.496717544381;0;0.09129778005646945
0.27788036403126604;785.9242616138426;0;0.058938865146012584
0.2662655440435331;619.8885689384532;2;
0.4232518264880622;397.76468791067566;0;0.11598136517964752
0.5609124114471267;518.1573558715249;0;0.0775209430982543
0.5482526764185638;312.02912503323637;2;
0.5775205921627518;314.4808412165229;0;0.14469890355484194
0.9279452511226579;254.9180728657516;2;
0.37708931014107083;647.2726596790287;0;0.06081006369865707
0.9353523450692294;401.55120466072805;1;
0.8465938586667922;413.5056074049105;1;
0.5458055796128226;328.1033791671538;0;0.13768829550665318
0.5686616881139788;514.0421156536221;0;0.07846030000618588
0.7690347979387401;447.78431204627947;1;
0.6209021133185116;321.6372952261705;0;0.14206778584203528
0.2890962499987785;589.2466987400228;0;0.09813326656440796
0.23371617661878036;711.5458949961712;2;
0.4576933531810615;580.2520181890313;0;0.06674434793416686
0.6198233342822794;484.3502872194261;0;0.08605578678375389
0.7006851527541686;447.0711688577636;0;0.09836477980727569
0.40554338697284514;387.2309362138677;2;
0.2355411263992415;872.4280338036507;0;0.06557152148972915
0.3276209513890086;688.579601478604;0;0.06155074799642744
0.3219716202589218;713.7064237524523;0;0.05847024111249845
0.4664667864154031;596.2457555539609;1;
0.369759630095731;662.4420331857601;0;0.05915235778715172
0.8124324102461326;264.10751866628345;2;
0.6987154317073501;453.2408891014157;1;
0.3016850826160938;521.4310939887446;2;
0.7017166881200881;283.90682846416234;0;0.16779226321352186
0.7478164654790259;433.2728407346163;0;0.10454983388859986
0.7019685496714307;284.466472636197;0;0.16744565714030957
0.9807586720102438;390.1067651691965;1;
0.21000223549540956;845.1661259337737;2;
0.6522758464120159;294.4103361935119;0;0.1583704100006827
0.6474424778544089;296.4856111992182;0;0.15689793590456555
0.7460346560078751;441.45435952158033;1;
0.7788513304090926;276.05773876510546;0;0.17897409813762039
0.2691500178413;674.8676968767497;0;0.08794371288946945
0.5927025907295831;302.93539970784343;2;
0.8890997203071255;396.74461283682984;0;0.1252389754954066
0.3429844866090424;481.1959703502885;0;0.10558470794187472
0.8721287111050922;393.6770061654492;0;0.12522731062720607
0.36111583422090765;695.2422622614914;3;
0.3171625858047407;534.0139488083007;0;0.0995336283238006
0.6630434583588698;287.7130163341086;2;
0.4575921143333235;591.2882538106414;0;0.06480413199937197
0.2993624429686966;749.299742768069;0;0.0581331449370628
0.3316974909551204;696.5734137444127;0;0.059360417535625674
0.4344191418943308;631.9818769139283;1;
0.49158609465183467;358.6070863780379;0;0.12534895434617563
0.27180826357525273;803.1349568427129;0;0.058270761446699765
0.756465299438319;433.48375605187954;1;
0.2114400906129318;818.8134669755414;2;
0.592739466738093;512.7397452147075;1;
0.21660970498250892;801.7352504411202;2;
0.3125314995386889;557.3453315015264;0;0.09497355648976256
0.9867557695009385;298.57721573548554;0;0.1827881343935851
0.7294707521432741;439.4984382002611;0;0.10181387105069332
0.5916103087435486;497.4402061032327;0;0.08241847422095755
0.8006058554872298;287.30386036536845;0;0.17305227774552775
0.27981106947872686;807.8470560809423;1;
0.669751570935056;447.6877912236548;0;0.0969462237792433
0.25579806362658625;686.8553599894918;2;
0.6590650135210419;293.8511435655634;0;0.1590508153984821
0.5261207394360891;339.09207773844986;0;0.13276493126634262
0.5178659246884804;544.5932696183658;0;0.0721434463150366
0.28629346309554293;586.4936394906449;2;
0.3375713854645563;460.8240888300561;2;
0.2612630393949468;665.3658204185623;2;
0.5951089269484571;310.1981640966044;0;0.14729964943107954
0.496176440883482;579.8500960632009;1;
0.2504598182936957;841.2409396353621;0;0.061744171142049345
0.5510171638722895;536.7040776789481;1;
0.8574320451600448;271.06455809796114;0;0.18983426762339292
0.9205415582984573;399.5935880290761;1;
0.33807109751744563;486.6072714329561;0;0.10556471996901699
0.7996280444377368;417.7416025450122;0;0.11221600663464798
0.4832705264085094;562.034273518806;0;0.06931259350068356
0.44096882235481233;598.8711830838669;0;0.06417806838413687
0.3122538556100806;519.2248825576564;2;
0.4747679627970152;579.6562965908129;0;0.06633373608865858
0.833360626449673;272.70359974400264;0;0.18629273610915276
0.5670425509383005;526.8151637216096;1;
0.23958382318814841;726.0596508509531;2;
0.22401454817047;874.1088208097506;0;0.07660868340407662
0.5181776245652597;565.9225477826744;1;
0.8554192126158481;256.7080866392073;2;
0.41957912363727673;626.7448741273024;0;0.06065309981797264
0.3320617599447468;701.2529699591502;0;0.05849026560828764
0.8492216294592945;255.6418349615539;2;
0.5535675437764725;529.7663379987273;1;
0.2658090390935512;726.335693374426;0;0.07742056952057916
0.6718690816724094;299.4359977268175;0;0.15638498548157304
0.19699564085122767;902.0825443821076;2;
0.5243897198081963;549.5124455106336;1;
0.3337933861796759;504.8912877024969;0;0.10153615754427132
0.8885705174040506;261.1433219039022;2;
0.5148181719134566;319.2696192200623;2;
0.3121731438113569;527.6582218660831;2;
0.35602264396639566;445.1382323436801;2;
0.697493834658967;272.5807169575336;2;
0.9277341741745525;262.8792549768476;0;0.20366822030037884
0.23481825380009114;764.5316121000359;2;
0.5235314219000854;543.1174920517053;0;0.07240382839642318
0.621264463790527;492.96382408570577;1;
0.38693052329589506;646.7686500331333;0;0.0598847818209639
0.9707051575901146;269.82437382326884;0;0.20256621213627574
0.4512394565765215;599.5751896381273;0;0.0636266730531564
0.5524383655597593;525.1485598820036;0;0.07600644397224494
0.9996589558814194;334.3822766661362;0;0.1621589608893835
0.8921626565448908;268.43573814273697;0;0.19536248909677736
0.77274201615896;434.44118926175395;1;
0.76818855800729;438.090438741053;1;
0.3980861038434399;655.6583586702274;3;
0.21788898807139476;844.4217062560973;2;
0.23207591725854468;875.0659789163584;0;0.06794467831926065
0.8267571132640635;422.13424395748274;1;
0.6529883309248496;290.6129414068363;2;
0.623598702151317;304.72520574196665;0;0.1511741627125395
0.7981157322115553;423.9808332169874;1;
0.5387983061431;327.1211546285783;0;0.13822601965240078
0.8235637931817676;403.7060674308273;0;0.11841900939442357
0.44255884902380743;385.115662439346;0;0.1184427615202073
0.28398556646504014;610.3670112757051;0;0.09534333305851649
0.26747085414213245;635.2377227679436;2;
0.8297844442780831;409.98346246671724;0;0.1166202336914028
0.20237091020458467;878.3962463621799;2;
0.7360646148453485;458.12546377956414;1;
0.31726209495689656;516.352886619748;2;
0.2983305469368822;559.5412910055711;2;
0.6856737513598138;273.327942708102;2;
0.34490637643340916;678.7670264044792;0;0.059946004600419905
0.8385667635496765;313.5363640439608;0;0.1599768346785785
0.38695427625606277;513.2351097542673;0;0.08659032600968426
0.9271579721813751;367.3811891357073;0;0.13992629376640792
0.47630284027851394;514.480364794494;0;0.0790356967401234
0.9100616932925122;260.96101862610294;0;0.20338612436354903
0.30567045239517177;640.7888255212911;0;0.07721048492930918
0.6486392668158788;320.88038725202995;0;0.1435205836835833
0.5501789084031949;459.0508159476556;0;0.09118315971670846
0.8054631134294613;417.732626053845;0;0.11256081773045962
0.501672502321782;531.1299024807831;0;0.0749535979943158
0.5573901809341222;341.45896565523174;0;0.13141889315101082
0.6620559345146595;458.48724141802876;0;0.09377096708720165
0.3326698699705665;543.4730410044122;0;0.09117393091046722
0.6717350051301703;321.29959787569334;0;0.14438275242851714
0.3135302753981626;571.1738185915415;0;0.09086804250793032
0.9380746487324357;338.233771945904;0;0.1547772194051834
0.8318199106399834;316.09975871894443;0;0.15796164071269936
0.4015658727265675;401.1590759014651;2;
0.8615585108092207;263.2143865511093;2;
0.8896949914163811;413.5768591174692;1;
0.6785531832462901;340.07670960977424;0;0.13558477252905593
0.8657666785135335;349.564685623827;0;0.1433587103705065
0.36159927977905415;473.5606204624477;0;0.10248798584969529
0.4410478526226116;508.15865323314284;0;0.08215299319433908
0.5593764189061613;413.33066671889367;0;0.10433387090202742
0.42367040809447604;626.4431213295942;0;0.06047636874056653
0.6629171337952094;420.233103847702;0;0.10467776753996402
0.8577740328072669;318.4460582009639;0;0.15876290317772543
0.5066567258233143;379.50277728428046;0;0.11650925971430193
0.9423994603736328;355.143574831768;0;0.14672910042994758
0.31590131358848134;737.6016833293389;3;
0.6702176763737369;416.6195435126467;0;0.10608541280362446
0.3259520870194861;623.3148625955578;0;0.07446315355364533
0.868762953980836;301.19338518486404;0;0.16996804860786735
0.4157594170000436;487.4359647239803;0;0.08936783390021921
0.7680846569986399;356.2841043192755;0;0.13346544366061236
0.3414595132591846;644.7132307828524;0;0.06659233650004973
0.848137814366202;336.3350532810724;0;0.1484677594926468
0.3242612357494831;519.5479362754179;0;0.10079399866531408
0.38769650599801797;528.5218148219982;0;0.08281821232191933
0.72375100886808;366.21165445200654;0;0.12664106133397982
0.6768344697981266;288.96050359064424;0;0.16302602625862372
0.7059076739064444;327.1056418395247;0;0.14329988214595393
0.5399356703803248;522.9483134193508;0;0.07640473047669126
0.8731167702628576;400.25842316809974;0;0.12284971657436164
0.4928895140656333;474.9869860750847;0;0.08773681433367891
0.5244410966504833;495.2591084436065;0;0.0824096389859792
0.3291449317206044;557.2671255653353;0;0.08876696283109531
0.3699239985213958;524.3131781279567;0;0.08677078431302605
0.33945468903277853;642.6451666507895;0;0.0673848470155201
0.5732790810726972;343.41254061954135;0;0.13064932104004046
0.32652425609416025;534.1133153663569;0;0.09578963184997845
0.5870542319747637;337.09041048052546;0;0.13371172911982981
0.4395148269847708;584.2246438028086;0;0.06680840303707727
0.4198970507497964;424.36685375348935;0;0.10717293851879835
0.5233186303992164;404.1676856095274;0;0.10744394589750192
0.5019956930334001;538.8432035076333;0;0.07340052354146162
0.3704518215610812;462.6741607292223;0;0.10367852373826984
0.6119836906098818;451.72327082945037;0;0.09402835496050241
0.358798963064763;471.81888284397144;0;0.10377009346469004
0.6953563566908187;304.9465762063453;0;0.15452577194719458
0.6676533833812578;365.61401690690093;0;0.12408548569261713
0.5163471104984989;459.76115760285893;0;0.0911667017978196
0.326405288005469;661.2365858979281;0;0.06680249714203675
0.4329916305352955;433.17146126482874;0;0.1028846606222289
0.3096923398828256;704.2614899329401;0;0.06316561556438907
0.2235374200789792;873.6641013855445;0;0.077275292742474
0.3745717396499016;566.7172260505924;0;0.07627494757226577
0.4498442613981726;510.14454867933006;0;0.08115305902261905
0.34485902377327765;480.3647183437866;0;0.10522039544619549
0.37906702462737385;505.355210128896;0;0.08988952745449283
0.4109044926288754;444.52894485888953;0;0.10197782231043903
0.3664405542828951;675.3721379253557;3;
0.5479401904681133;437.7260273541238;0;0.09698653041031886
0.2916274707914311;781.186823358651;3;
0.4937774912904015;557.0579688066439;0;0.07004168581351124
0.3365228428165963;492.21548290140066;0;0.1043910721328063
0.7970498362477052;277.2925717479183;0;0.17965262593551712
0.8305469562590049;372.8969435815388;0;0.13056615506500824
0.4232885891615372;412.95300119543407;0;0.11058807694747255
0.6509464838900701;319.84700012487554;0;0.1441543467543697
0.5251625521733057;345.85066772890525;0;0.12973027260159514
0.8416030857524551;384.42110137256554;0;0.12671130812598197
0.9850601163016371;367.3105892254448;0;0.14449353645599883
0.6249354406891995;376.82442593094936;0;0.11813439935661496
0.3728856114350557;622.9746066324326;0;0.06552792210475132
0.5941091989941809;336.889719176408;0;0.1339569390120303
0.262834326500424;782.3145842413296;0;0.06679013461184605
0.7371075443033333;383.82355857056723;0;0.12049789735754993
0.2719122020100055;806.2340414963589;0;0.057615542455906166
0.35100251381995773;586.3854056797381;0;0.07628576719924256
0.6854018879220624;321.87325964157424;0;0.14480622546924843
0.7406918141276834;406.3103800924099;0;0.11272062591780058
0.4247052687987479;452.33092879654646;0;0.0979828316512984
0.2482995518924176;835.4798883764427;0;0.06435437490201701
0.344088007302713;678.0789483363576;0;0.06020833876154098
0.8111403777457962;402.6932189348115;0;0.11800660756576742
0.45071033669352517;383.0205708207066;0;0.11843059706160554
0.7024671770941642;306.6505960281595;0;0.15399456735026973
0.3064915010963781;560.0594086497774;0;0.0969747069440319
0.879924607607059;389.1863100433512;0;0.12747289163966768
0.5950684806022052;385.12101062058724;0;0.11431463896786961
0.3341710310958599;643.2767242544032;0;0.06840720984063904
0.9789194941621433;350.46683659812675;0;0.15198186573542719
0.6364080909292961;421.03623798893375;0;0.10349151709782303
0.3029086704786301;635.7493580516607;0;0.07940161371411616
0.9296757125360348;312.6670406167386;0;0.16835523865745056
0.22823991718158262;876.0333120701985;0;0.07141462194231386
0.24135675593450026;872.326793333693;1;
0.4321188682009347;378.42102047855394;2;
0.3076706903329499;667.9231827217383;0;0.07077228492671829
0.6970355455535281;347.35610152390075;0;0.13323140634220634
0.862425465741785;368.5674829270003;0;0.13460208999463769
0.6139118486481325;477.6900140155062;0;0.08749328142755944
0.41214276789737897;525.7580834636303;0;0.08052421196773213
0.3050109956662389;732.0417261610921;0;0.05953966593421326
0.561361558353888;306.9240742152298;2;
0.845993689668922;300.61975987984;0;0.16833805769636614
0.7871487686732632;360.36643961218925;0;0.13292478773656297
0.7227284433231719;336.88873584510213;0;0.13950563249786488
0.44819623739974923;470.31729132930457;0;0.0909878928279213
0.3917256429814683;637.8897491657708;0;0.0609061805575668
0.5742854226444853;331.1285174405918;0;0.13633680655145405
0.9733141637200219;364.0721137455052;0;0.14503962884191876
0.7695767953046875;302.4525707813064;0;0.16102049862207546
0.24538550454976898;833.4013707449432;0;0.06685954774349993
0.4341116106807684;478.97154036290385;0;0.08980490706595319
0.6158706781352066;452.0379427286662;0;0.09404426938701181
0.7606962528725223;369.3887836951229;0;0.12749436651583584
0.9478580719643765;276.81098967916864;0;0.19457517303558686
0.8765693554728523;341.51318490122003;0;0.14809101509147382
0.5725279399154244;380.18895695800984;0;0.11575658296529252
0.9742811472605051;352.28696211984277;0;0.15070219922587402
0.4548701271364396;394.87646069159405;0;0.11367959368652862
0.5156810557605583;546.4738861778835;0;0.07179427524422964
0.42587704216784467;452.8497803733218;0;0.0977070760034651
0.7822674540622117;416.48582605410235;0;0.1116382909504582
0.3747911712870292;553.2519992196999;0;0.07915069882321446
0.7715281257842905;359.250065729065;0;0.1323943203282193
0.824766724787826;401.3890292183507;0;0.11930972782081367
0.5402719173549145;445.4661489149893;0;0.09481524368256482
0.42220134276604987;433.51878969576893;0;0.10395183850285034
0.43244778417015917;575.0830862655;0;0.06885544331431202
0.3812781133164831;631.360461111118;0;0.06304904004280469
0.6763666400018543;476.9915127210428;1;
0.5577532060799311;446.5797104463146;0;0.09454278016288739
0.9389234191122467;356.93284976500627;0;0.14560039501625083
0.4638941002793886;436.4480340490958;0;0.09945539683279167
0.39984436461711703;425.9752454979014;0;0.10959378584966699
0.3258363933880757;619.0071908796696;0;0.0754042285449645
0.2377846764358254;846.565640646315;0;0.06981435494315535
0.6900560161278368;405.70969305606974;0;0.11044297007847514
0.3295744322557325;530.775830579663;0;0.0956261618495628
0.42693623153111987;589.6512644841505;0;0.06653439655484518
0.844106239362822;294.13810177559697;0;0.17230365981876858
0.6088646345966022;384.9058597130565;0;0.11469354285623658
0.48793377171901736;568.2712461127016;0;0.06807432579181959
0.6830093728091317;395.5713144404821;0;0.11358193060949827
0.3373037450569176;522.2156249362748;0;0.09538656348374448
0.8887725391313908;403.5188614968752;1;
0.5851239048388137;481.90184991918824;0;0.08587872129201093
0.8541956362114256;299.7541111468658;0;0.16958749181084293
0.7542806129317853;376.00653432881194;0;0.12447600896751965
0.5081831097471572;495.96129990759124;0;0.08240800146308173
0.3991957283941944;484.64186130228575;0;0.09214770530356373
0.4577543407786685;486.82874247826135;0;0.08621802034867414
0.8479509482019277;291.4050226428362;0;0.1744399887269503
0.6521799536229648;412.34310212345497;0;0.10675087983211529
0.3502264997275865;552.9629640144167;0;0.08396976058093285
0.7438239534099681;272.49357618709564;2;
0.43917279977002427;468.18501326640427;0;0.092213765186302
0.5397366171787392;403.01236334671705;0;0.10766675112813884
0.7879941357315576;367.40941026126853;0;0.1300123010030928
0.37431803139373493;496.0535764366418;0;0.09321319476066553
0.26581066050348995;733.0608459447727;0;0.07587264555889242
0.37288648507920796;456.67030943019057;0;0.10497789831879112
0.9306333051181048;266.2709397217411;0;0.20114821254195658
0.3298159702362319;723.3170645930803;3;
0.3073226666022882;666.5119553794394;0;0.07118878802535991
0.5149179260861244;401.5411490176168;0;0.10847111155690911
0.615635234983372;309.3067179293279;0;0.14836975363740507
0.35368996073553527;558.3707478144178;0;0.08191874307183696
0.7844503676283533;389.23888881100356;0;0.12123434293084245
0.5939499325702232;405.18846319017865;0;0.10739694019668655
0.8669086639056046;397.43067378850986;0;0.12347720683291366
0.5693145358224322;359.4244799730735;0;0.12376731464107768
0.6577709489377835;460.7105098634883;0;0.09304527299656427
0.2890067966314763;686.6306343369276;0;0.07400668923706008
0.4099436471574532;579.2549210286909;0;0.0696675359765888
0.5248308238413285;505.84966870782034;0;0.08004337750967545
0.7697398422801975;383.55060740846505;0;0.1224827263803304
0.2560132557224158;725.1645043803127;0;0.08480526215271472
0.7429627906669639;430.363040329408;0;0.10518147570452789
0.527042505145079;368.4979084595819;0;0.12024572625000304
0.3941153799769965;648.3925876383131;3;
0.5392281273293071;520.7747938622588;0;0.07685244872701678
0.554685299841944;524.2400061831712;0;0.07621606518057825
0.35342593491532903;504.9078612863351;0;0.09551849095211884
0.28381104560161724;699.9223948930338;0;0.07348545853355426
0.9201922766825058;374.4996687016663;0;0.1363159493028707
0.33732507677982243;609.1519472905984;0;0.07450844875386751
0.8188833261054026;396.4046080077108;0;0.12072722529941944
0.46573181740866815;392.77226519613345;0;0.11361432266189098
0.387762839188135;489.5943987096251;0;0.09253107440837079
0.36874323363270056;631.159484895146;0;0.0645931349554709
0.893338422497716;360.7605578224996;0;0.14029966832791588
0.424531384241702;462.6397528112283;0;0.09507361126587141
0.8034847000665399;357.5961313203337;0;0.13522458937290746
0.32036384879119817;572.3261840643447;0;0.08792511449183321
0.42561742747376996;426.5682002138017;0;0.10577390643754306
0.8153884840248532;368.2715001795984;0;0.13145562247124462
0.24650321410244588;824.1820895136321;0;0.0681435713807539
0.582603140081731;352.1604656674291;0;0.12696461568755052
0.8864493530315463;311.444499739782;0;0.1652422322765042
0.8508577624437113;345.6480646685952;0;0.14409328047466624
0.4013042963143411;495.2813036161625;0;0.08907225023173916
0.7253905958002498;294.5564934898964;0;0.16262571162478956
0.4549891395692144;551.838785679302;0;0.0721316304041339
0.5796943968386971;482.54079561006284;0;0.08563584655227982
0.2878504311493619;652.3115854768944;0;0.08237597363807779
0.2589752193837797;794.7296233032988;0;0.0663950444171422
0.3455345713100671;626.3961664776401;0;0.06928051035952162
0.698149189037011;417.59274182656;0;0.10697192380716197
0.694025892307229;303.0229881319358;0;0.15556186100922126
0.6237596837640969;469.03592890366406;0;0.08987111143964133
0.3033901666268886;766.2601724412981;3;
0.7134285251606934;376.2604926437485;0;0.12210143923074251
0.9033722278595111;357.04852534218753;0;0.14276036645788062
0.41459563984809106;487.53678339916496;0;0.08946817653826306
0.6560448278798406;329.44665077982484;0;0.13956983762845923
0.43988118987990643;512.9130838461275;0;0.08114487698057445
0.8930470995142316;268.5324564119161;0;0.19537444651569058
0.38983215556223705;472.71218173179534;0;0.09685904289363702
0.5580890047876905;441.98852672657404;0;0.09582303019194197
0.7138717415483765;317.1997538999436;0;0.1488941880690899
0.5958017462523151;464.56569851095236;0;0.09032860782872984
0.5934477482967483;408.63416640057073;0;0.1062763058671765
0.6938176027370297;443.2907974070561;0;0.09913370645908978
0.5556702514919495;475.85444338649677;0;0.08698761788609312
0.9415824542350124;390.50721432654774;1;
0.7298455636039802;366.57097134514794;0;0.12683871236231084
0.4169716498420876;597.4984602520049;0;0.06579267392134766
0.9805669487024762;260.19897756718484;0;0.21186029378012083
0.8605278374381055;336.51837383569875;0;0.1493324078176187
0.8917626464945906;339.0055669819959;0;0.15055815257377417
0.547030408969166;366.0452027341201;0;0.1210384193093755
0.6544071304010212;311.33009077417046;0;0.148799708630845
0.816423025850798;423.62930957555375;1;
0.9471818378674193;266.8691937568246;0;0.202442618497706
0.9020301972086657;383.0483927498278;0;0.13145540859267785
0.9962539309240878;352.551973937164;0;0.15240461101852737
0.41351153272692365;453.77027728795764;0;0.09886414960818783
0.48238591607641756;516.2605468584089;0;0.07846231750056763
0.8770555018505933;300.6340950636709;0;0.17105941434838265
0.4551723833939111;497.0583591217165;0;0.083900247810281
0.3582122120870899;497.18450320748406;0;0.09643498923867592
0.8447318106260339;283.06734713371833;0;0.17983302357309405
0.719130811212926;285.31263712193515;0;0.16804987318790277
0.23770146657531974;874.0754106587684;1;
0.5991334909795877;405.9969406559205;0;0.10724080439255629
0.9579823739770539;291.5890682800663;0;0.1847500095503844
0.8190883283922723;288.14173314300456;0;0.17407005035606274
0.9829340543961677;288.0468371317032;0;0.18979564783281555
0.42777641489319995;627.8767824891421;0;0.060029973666588826
0.44811296918018745;569.094684139347;0;0.06916567283985084
0.42202119296239177;398.3446376124238;0;0.1159369788009178
0.5864833622207892;334.36559604479453;0;0.13498206713712516
0.4977495814838292;432.9807993300622;0;0.0989947711317142
0.8487979898191703;330.08284047548534;0;0.15172561128469889
0.4723825974213347;524.3513765038635;0;0.07704851554548302
0.6627555958832589;420.3939278941147;0;0.10461246942567483
0.3725304958025775;447.4178255392289;0;0.1080254868427928
0.9967656845580289;344.4906525838468;0;0.15652770056735227
0.6791225878238851;395.42860156250003;0;0.11345460842559459
0.33589788463815523;621.9955774946842;0;0.07222862571310744
0.3535082418358695;676.8110731750478;3;
0.2687557887115712;809.3631846935754;0;0.058412703212602134
0.7370193263180183;431.9754488802313;0;0.10440104661508436
0.543984073829467;487.50752810979;0;0.08415270464048727
0.4396141373003333;460.8996863183943;0;0.09416143026755494
0.8696808461626544;346.63838119326914;0;0.1450588138660493
0.9088510326510374;360.42329995344886;0;0.1416378309118504
0.47087156257886287;497.69759997287713;0;0.08300992972759216
0.5371975420498346;483.7843330992657;0;0.08503320369011297
0.48075357152745896;559.12053788718;0;0.06990274440758609
0.5168376062929478;333.31430801215686;0;0.13568196909269992
0.2887875884467008;643.027786790738;0;0.08411986818615828
0.7734037507879153;386.46980923404595;0;0.12159804896960803
0.7509625386146088;286.0693532913497;0;0.16988027415238693
0.4321572362384929;572.2145423318036;0;0.06940854283141892
0.5758114930179199;464.6895419014967;0;0.08996770119274261
0.8752578258983781;403.54260307195375;1;
0.3768141702254402;616.7338677468817;0;0.06613071316830332
0.4404311020729352;449.4954207815033;0;0.09731437604325155
0.6939669712496251;294.316428686519;0;0.1607182453485112
0.8108517850033777;307.0514146375954;0;0.16149237036185865
0.49730862953293836;371.3438723192585;0;0.11995215639578334
0.4104516841633972;622.9124546944087;0;0.06186981090534842
0.521416653632513;334.4412809678098;0;0.1350255303050846
0.5163969727396983;541.312767805503;0;0.07278276611911424
0.32547804299849453;530.7381570506459;0;0.09713692119681386
0.4574985452168738;534.597648754544;0;0.07548114076263175
0.2751551048949803;745.7566759587405;0;0.06795326129392552
0.5205808176252205;447.1011210983568;0;0.0945162723948809
0.45241400293448913;531.3829459074534;0;0.07639107597570362
0.2751376734422688;808.6358983487596;0;0.055883020868638056
0.5459300090471305;425.5788314764269;0;0.10053305920709747
0.419929371693685;454.3927168383768;0;0.0979092357571645
0.45700391986204253;585.1040683721503;0;0.06590813292522871
0.29700714499890746;705.9465381847142;0;0.06686703391804398
0.34801003672468195;634.1749366998257;0;0.06730899858008489
0.22895336394027055;840.9103466476287;0;0.08015365879584949
0.26796551143364433;751.2847863248641;0;0.07053413304732058
0.6916581436801319;446.08456224155555;0;0.09825519065933978
0.353139480039111;519.838025149495;0;0.09156037545239969
0.4950858409877772;529.9589511455326;0;0.07529008451849542
0.2845463199722301;618.5746256045825;0;0.09273668443683311
0.5534856259254339;474.8724114374908;0;0.08721841840276436
0.5250596384950378;535.1257383819423;0;0.07394964103201061
0.7006133121517967;447.30727775880365;0;0.09829741786753662
0.5308306744737059;447.51182140787927;0;0.09429609563106453
0.37151326405284457;551.9212832895435;0;0.07999303596991127
0.5075838043537916;437.12898944385313;0;0.09754746032336666
0.4272547517128515;510.7408450516591;0;0.0825820060504788
0.40348004616514405;484.9250014358953;0;0.09149369513389825
0.4535900217987558;564.1297017996574;0;0.06984631980327961
0.49785269607573607;493.3690963129636;0;0.08319465979013066
0.43457988874432096;511.4011868742194;0;0.08185844265309011
0.3287354296089358;610.3413720304552;0;0.07646209359705017
0.5278132789010844;446.53140898644097;0;0.09458625495386738
0.5191694716178452;505.77973325025926;0;0.08009227548278465
0.34553630339022584;657.2237754589729;0;0.06357147442048694
0.363557797140239;590.1846573363493;0;0.07315027864248946
0.27399189808983127;684.2172386510614;0;0.08237385935235722
0.44567678011909945;565.9658007330529;0;0.06985906742465661
0.4163308931800144;481.96845217540834;0;0.0907097906571906
0.6971119862901921;444.8812711169249;0;0.0988318961639052
0.3879348128168657;607.595689782093;0;0.0665140884448808
0.4304936778542051;568.5040587559249;0;0.07021734514634184
0.37847137562412847;527.9586280650939;0;0.08437981401585358
0.3216987759019891;643.5304190170282;0;0.07148489872860275
0.2264391895030246;851.4455233774038;0;0.08007252930042427
0.5582820787831488;435.96827144017533;0;0.09752729945050052
0.49519706486693466;552.1172954817287;0;0.07094335093624464
0.3910153229111758;585.8932258682418;0;0.07023291600917705
0.4302145966826471;474.00754672994384;0;0.09142369861388217
0.38515996903062666;585.4048652622373;0;0.071013548711471
0.3589087045815826;556.4449160757714;0;0.08126814330609936
0.6375288693516769;435.99176030977765;0;0.09910496728551332
0.6165453676749452;479.13139394137505;0;0.08721130029762672
0.2625943240907133;792.0171339991533;0;0.06490983847471984
0.2515129952875679;730.7588982517262;0;0.08720133070019208
0.6247442714905749;473.6226335168315;0;0.0887580096230735
0.5051251384581625;465.89955968207244;0;0.08976178451519316
0.36291381726385796;583.8136426158528;0;0.07457647207800366
0.2840559699121097;653.7350250344541;0;0.08399953110925025
0.42329920418215616;559.2648729296285;0;0.07249892178935945
0.628520674667479;460.7942354561666;0;0.09208635539503138
0.3402490354576265;596.9323481823108;0;0.07639953788345483
0.34001715678086436;668.8458915949011;0;0.0625176918968634
0.47256808363431;514.510724452228;0;0.07915418718546338
0.37682861049527927;615.5808768147796;0;0.06635723094693753
0.4295622700982231;545.7342208771419;0;0.07477663317210753
0.419382394041469;608.1703043565653;0;0.06376256490632706
0.3110761807281939;697.8798229993365;0;0.06395381659236478
0.31266307551245603;663.3240509077274;0;0.07011836901333152
0.27814650663811313;708.4725212216753;0;0.07441844559492197
0.3379541530042432;675.4158988518997;0;0.06177658452970141
0.48438231654019065;482.9244867797984;0;0.08603828321520651
0.2917453754945164;727.9366408696841;0;0.06448595736684402
0.28958274396083555;672.0663880482656;0;0.07695177138000459
0.2961586963345507;775.4692480665651;3;
0.3255408933472316;597.1440417987801;0;0.08031062683873605
0.3630646437507382;590.8159470693428;0;0.0730988389674399
0.49345363270954623;487.15733876678263;0;0.08475883628645675
0.3708965567319597;609.6350604455288;0;0.06822565156011479
0.674973438625978;441.6677954455116;0;0.09881547627161072
0.4304523390855651;575.2648980275098;0;0.06894907468267725
0.3644380515587301;507.18069563567514;0;0.09226352110237201
0.40564943629598527;553.6555818615493;0;0.07514203144115927
0.2690860299714065;742.841461617061;0;0.07175745834748949
0.5618169692900777;484.3371941853205;0;0.08500853659465205
0.34186646263104725;690.1542612136593;0;0.0585709124234563
0.4613228032077372;563.7073819726559;0;0.06962721987268873
0.445884682175479;547.6784473907272;0;0.07338731229089879
0.48923187065338125;465.6632336913477;0;0.09022040477677756
0.5276159631339599;469.66621480465216;0;0.08850833819289237
0.3881674401570489;520.2970259040496;0;0.08469731387939948
0.48266303542324146;548.4161253722546;0;0.07188997876529432
0.5491647851447223;500.8601117201449;0;0.08113877478492201
0.47220334326652236;483.43546802782913;0;0.086368242454114
0.34826696954962055;552.6987567980358;0;0.08451939526188271
0.35453880753329253;652.7233667357164;0;0.06285333603729992
0.5793946003510049;503.5419019511725;0;0.08086529720098516
0.2691709619917374;690.3039755057545;0;0.08395568206532827
0.37881903918184356;522.1746479364413;0;0.08570862801934992
0.5905881859356785;475.7958733547803;0;0.08743986786762795
0.3014891977948535;608.0180266691186;0;0.08662429841796264
0.32637329860501013;695.712071815481;0;0.06058416814934209
0.3817224350304484;566.505641396523;0;0.0752775227119202
0.44569211624165517;530.2434526244292;0;0.07699480460933245
0.45656364588536735;498.05736257976537;0;0.08358155821358511
0.2893533881577074;694.4664349699505;0;0.0721658610587986
0.27675656970660145;796.9265123541527;0;0.05737101346865908
0.6673231959814704;455.6471487109109;0;0.09470879309376079
0.3770282234273121;594.0271148812651;0;0.07037810547439413
0.33709973816387206;697.8471871485154;3;
0.42497911200301197;535.3050382480357;0;0.07728675685810564
0.5597693602009236;517.1512753990771;0;0.07771951023412095
0.5505599171617014;510.0459122226349;0;0.07914872667304812
0.2784939942007475;719.7976961008947;0;0.07176390335323446
0.43399574171839495;535.7159707951133;0;0.07656489698310426
0.30326850830986923;674.4228608187941;0;0.07094648754793394
0.6577941891785474;446.00105511388745;0;0.09697395879677176
0.27414410846562554;780.7077660490422;0;0.061460889082184327
0.40546881491776315;510.4758772975357;0;0.08481318978357605
0.46634925054364257;489.21106710904064;0;0.08521089593750537
0.5030508790403585;518.2252863455847;0;0.07760180351746915
0.5649453472532038;487.53472619177666;0;0.08427703731312443
0.29954113399357557;597.4424164854336;0;0.09019671791987752
0.4354085317205064;582.3732261061405;0;0.06735693253438259
0.4881064221722448;571.2580864487632;0;0.06754361991938601
0.4161046938635653;609.4277590122642;0;0.06376173279194758
0.37466922998340935;576.8417051570053;0;0.07412075376686358
0.5246884998860811;479.0405535271241;0;0.08621411238260175
0.31309629364994085;686.9232162862336;0;0.06544689310426598
0.3915582784421599;612.3615543883607;0;0.06528490676142659
0.26854889131534815;788.3540659277447;0;0.06255460909233128
0.47245551746555015;457.033397209315;0;0.09316231705057257
0.2748653530659223;727.4442966156736;0;0.07197636636306387
0.2749144163443447;626.5488965532571;0;0.09694936189263716
0.2962226754048646;744.3282492177261;0;0.05996825285446294
0.3425716649684765;552.5346578833188;0;0.0859839537847727
0.5137320290870815;497.36521738369146;0;0.08202870356947366
0.5452506940422484;469.45898863614985;0;0.08852178234094955
0.4816932296472573;461.86704083070543;0;0.0914665173617089
0.31052778191939734;600.4722664324524;0;0.08468578496663191
0.5818824249651385;463.25733009676117;0;0.09041147954975183
0.26225721039064576;719.2183292210931;0;0.08156576599162452
0.44220148142369725;614.2585471915244;0;0.0615482265032086
0.4373981939075942;579.3899675050138;0;0.06779547340798284
0.3620936043985738;567.1535907655544;0;0.0782782797571202
0.2670449939922136;736.7965680488936;0;0.07427383476148344
0.41594303498336976;558.1716399906309;0;0.07328325183761818
0.3668083703382615;660.5786921943865;0;0.05981700002565001
0.263325848556115;753.0588095367103;0;0.07285337193365589
0.46759501821745175;457.5985206545791;0;0.09323914316447192
0.49415024489547815;481.3990592524149;0;0.08613988663613106
0.6039021774860832;483.7198025108839;0;0.08582485825869526
0.24439718796249313;811.5879121323321;0;0.07273195613899348
0.3854442989740115;533.2066792599885;0;0.08207023512488143
0.3518704057553821;610.6189513665338;0;0.07111690229663724
0.36835491093916495;532.1999347826305;0;0.08514096422909738
0.3571204997320624;538.8306263450222;0;0.08581253056480337
0.25589066179667075;709.3000973169715;0;0.08909568120996583
0.4848962974333114;459.4608168415525;0;0.09199246105262274
0.36864766079756023;588.5973178929254;0;0.07265074521977294
0.40420944929147046;504.3976952191216;0;0.08643815623133443
0.40613918070963045;564.1844925194616;0;0.072946192035523
0.42011238618349134;505.5090874987572;0;0.08445640687502523
0.355780172058229;611.1919307810593;0;0.07031564720748436
0.522880168114518;502.1013715468219;0;0.08087732214139087
0.46267951959966674;564.5916470231386;0;0.06940729663084709
0.5709279275665156;458.6929907850697;0;0.09143531559236395
0.29229413935516313;689.172554624558;0;0.07203905679126835
0.5085610471836177;468.1226120082664;0;0.08912348026735414
0.31329342648864267;595.0726204053383;0;0.08494278323787306
0.5072996409109835;538.7538105786783;0;0.0733606152708156
0.3148101093080401;652.8503327721621;0;0.07160643452178451
0.24849799596353883;805.8075092163377;0;0.07087741532758082
0.48796460264232333;553.6552465660618;0;0.07077935065139407
0.4160149084975237;565.0486941073034;0;0.07190426291718054
0.46053945032987276;501.7986604129116;0;0.08250836987783627
0.3250456197167499;677.9029934655491;0;0.06403003301079874
0.4616373215233589;564.3957056516483;0;0.06948533109953635
0.44576094396226573;581.4186852332047;0;0.06700263957803625
0.46880804900314993;490.0621477285638;0;0.08489089892487119
0.3506924318573648;551.0600237457262;0;0.0843151357478831
0.27505482586021285;723.5334369272813;0;0.0727243003294099
0.2853526614996915;754.1514803360615;0;0.06193005526652268
0.2803663288422469;714.5500642298244;0;0.07199193186838969
0.29364472961320603;672.1268063121556;0;0.07513866321756835
0.2695176838787218;808.8721880726557;0;0.058188602693764885
0.5022120485035997;457.42910610569425;0;0.09203607230956232
0.5027406690031203;515.1873560321922;0;0.0782468309416322
0.2633418988460672;776.612729223475;0;0.06772703106866008
0.6242238218819004;481.2474390051199;0;0.08689872262668126
0.2810287001650521;793.3543941396333;0;0.05639462412040758
0.47276303181344115;583.4836944679873;0;0.06571242986035458
0.26410373721084096;817.962538051988;0;0.058958837980201004
0.30524542375941927;640.5577298721525;0;0.07742956870662743
0.39976808426961247;608.6595061619141;0;0.0651667348850316
0.5781446205653608;466.8428668316646;0;0.08943943057984467
0.38504662019455266;578.2366327488184;0;0.07244323473315156
0.25823866153008973;747.0027611185969;0;0.07767869159098827
0.5945281859418499;489.73190509652903;0;0.08422261846434596
0.3104143381557128;659.1570469773039;0;0.07166503585251018
0.3312216484055977;570.9564483062051;0;0.08472340554216848
0.43826159033317236;481.48710594268846;0;0.08882194369464026
0.2561278183497977;845.6941722389986;1;
0.41945112447461186;570.1820008429756;0;0.07064749657226507
0.4002438108119378;591.4424544404201;0;0.06824626702364206
0.4423872419841835;557.4707391012366;0;0.07164976335993464
0.3788826982356364;608.4145290714936;0;0.0674178051445461
0.39897164101316906;597.9969903431646;0;0.06716232407769676
0.36772640828864084;638.2891405075904;0;0.06346464574324241
0.3220753897928283;728.5148750954176;3;
0.49128854517115167;540.8086478421947;0;0.07319603509566724
0.2870739068246087;760.2970817497343;0;0.060142023409861634
0.2757356148981424;786.9439924647053;0;0.05962025848892028
0.3811814148021683;601.6270083105416;0;0.0683944789663892
0.26884577515208863;788.4796246447631;0;0.062401191154386415
0.3672152593321608;629.8981038929908;0;0.06503479822319552
0.4109062176202444;606.9496639358458;0;0.0645730199484294
0.4427566336262698;597.9096358775597;0;0.06426703083618188
0.3327393848421178;648.8439140833447;0;0.06766351738756259
0.27854101491564515;767.9140922045258;0;0.06203381770707516
0.4663808044010043;584.2445173841354;0;0.0657577861875099
0.35932323472891686;639.1717353493449;0;0.06451050406888349
0.3120808874399397;732.5504745323757;0;0.0575872566333195
0.4295732250750312;580.852220437315;0;0.06796665452418839
0.3778543777564315;617.3390268938209;0;0.06591035035274974
0.5075293432131949;566.2860777256894;1;
0.44846992191883184;572.7658061512284;0;0.06846944021439252
0.4178277470511072;574.0744170989749;0;0.070029168876545
0.5034782743901889;562.8674629210515;0;0.06884029603315334
0.24308693062298023;843.3454511108059;0;0.06630464049489634
0.4219494473026156;575.8816367818528;0;0.06938462888177907
0.5358229492841066;532.8354323519766;0;0.07440755298168479
0.39076551746829136;579.7401668325747;0;0.07145216739683355
0.4612999690105873;574.8799708549213;0;0.06757794803783324
0.2536245571282071;839.1865858125018;0;0.06031021020460697
0.3943512488603053;592.8770478266661;0;0.06855916640657599
0.3979105455866837;571.4146187087945;0;0.07232376725974969
0.38135782043617217;616.5682048796065;0;0.06563204063037315
0.4156691268452592;607.8500103725714;0;0.0640537723820781
0.4178212591422652;568.9546809915989;0;0.07100945228279447
0.4847679848434847;534.3628174363505;0;0.07462043099099154
0.27520496893824936;799.3921399149972;0;0.05752998870443888
0.4178106468430517;620.6729530909222;0;0.06176186175468175
0.36113824677579603;628.7850109020666;0;0.06609689972537593
0.3049113709865347;756.388359012989;3;
0.44243181846330937;566.6346771815806;0;0.06988273036052758
0.5069775655936708;539.3062981549651;0;0.07325958490546979
0.3964930589401545;578.9545992361734;0;0.07100460630664082
0.40945602177913276;627.9280133654105;0;0.06112446813829836
0.3878184504886407;571.5816803054823;0;0.07344652443394664
0.2769673452884991;807.7788740709655;1;
0.4752935021735986;548.4291734234416;0;0.07207722283646227
0.26010864320402133;811.7380007522759;0;0.06221378675056211
0.32016900687881206;672.3174753193448;0;0.06627148782183842
0.2924651026018353;710.404079655311;0;0.06764831720606077
0.27331715007163204;785.2592249018353;0;0.06095773437836076
0.4259163307463617;600.6753151375681;0;0.0646540617335807
0.41944095071158183;561.1478234259694;0;0.07242365512028459
0.4390970685061097;562.0627968047502;0;0.07093727883217597
0.3773086093953862;660.7320533792412;3;
0.43017653914111137;626.739808164974;1;
0.26423468973393377;756.5909669216376;0;0.07151526149364104
0.5172848012544496;534.8796625484649;0;0.07403426307674965
0.3051278298215386;708.3412564598925;0;0.06374779133566635
0.2576285485059081;838.2905314207761;1;
0.38047403468930724;648.3852497922692;0;0.06027117684179658
0.29695147214032325;695.5572834034986;0;0.06894243381305588
0.25031932792880757;813.4834974943042;0;0.0678199949686031
0.3009508617722043;748.80438083648;0;0.057764704789536464
0.4551177942909023;575.6403401129201;0;0.06766959924729028
0.4849514395561889;584.3394640985729;1;
0.28722297084868503;697.1365873374089;0;0.07254602021965673
0.40034229193018395;614.514214715981;0;0.06409527530667741
0.28611783859959383;735.8513309695009;0;0.06511085291094024
0.39819194942946357;614.6029934772108;0;0.0642607914256877
0.31106935671557545;728.4577745417937;0;0.05853929510135022
0.36131428844555913;607.8106171907193;0;0.07001766184040367
0.3782009682704841;594.6994242492672;0;0.07008407075025307
0.31975276540540676;693.1409641863863;0;0.0625631505831806
0.2678946493574846;748.4345128687754;0;0.07119956674029718
0.23041467031591323;818.7194866166474;0;0.08471360597715735
0.30110924898833874;706.3106431615728;0;0.06540639319388288
0.4331637509994496;584.4634607586518;0;0.06710530956280547
0.3110140058710054;655.2918205747754;0;0.0722783747243549
0.4568050875220174;553.4916175859973;0;0.07174396930553362
0.34811424975388766;666.6535313391278;0;0.06147481801719641
0.33851483988444653;679.2763102965316;0;0.06098522843943517
0.36993217590568517;658.2497392790328;0;0.05983222962816844
0.32001468587047377;705.6314622460259;0;0.06031486852890067
0.2781080651258773;729.1784616097259;0;0.06996110145880856
0.3100515031330714;663.5163066387964;0;0.07089330206013197
0.37593539181613034;630.1787478243529;0;0.06385441541234202
0.41870799243116175;591.0127047173403;0;0.06682251725359845
0.3573010048718147;651.0444678923327;0;0.06273145414563452
0.32327349670598265;718.4412039363441;3;
0.4417545692474199;579.4379422265308;0;0.06756072770034195
0.30741206887751354;686.4856965958239;0;0.0671895603312396
0.27487013013515244;775.1877100141811;0;0.06222756032016863
0.2760612424231549;731.8657791207695;0;0.07039235580622315
0.39781937790422267;638.2922051711944;0;0.06029867093002192
0.38105728505396835;648.856016770745;0;0.06012429040619262
0.38676243823718437;608.5563687499935;0;0.06647690416292736
0.4505536387386359;605.7034529118271;0;0.06263163273164928
0.35165118626942204;687.752296744275;3;
0.27622955181465464;803.5483060572443;0;0.0563889726535471
0.3624135455790424;618.5604529470918;0;0.06779683341140488
0.30419588845210405;695.3516092656831;0;0.06649934053682369
0.3043331331821473;694.3211590176619;0;0.06663480721011054
0.4282488272456059;583.7532794476291;0;0.06751026454737485
0.24110781395908978;828.067824178908;0;0.0714796133743388
0.45875316000888106;602.1870033520797;1;
0.2872214833575389;720.0201102521222;0;0.06779375024452582
0.4944301977325776;569.3072247890018;0;0.06779619876698594
0.26911349448438143;765.8001370043219;0;0.06682369814376324
0.37071599221328727;669.7360792984383;3;
0.2915173239614876;776.0404216683038;0;0.05590429605495478
0.33708284871491145;645.7495197166869;0;0.06729511079627416
0.40944855469321884;589.777011916658;0;0.06774121162538199
0.27846586666846146;805.2393891442921;0;0.05524376219622813
0.2659614112714171;779.7794315725915;0;0.06560792950880548
0.4252303119730971;632.8043441866052;1;
0.29952273237010907;755.3704223031127;0;0.057027984687048394
0.43607110434231705;580.6080198645451;0;0.06762533461690302
0.2904017342286553;791.6513759271708;1;
0.3853035251876374;651.9533718073386;0;0.059205583303261755
0.2939737582799378;777.1166781363611;3;
0.4258385611255167;629.9164798299213;0;0.05980092355650593
0.3137612014159582;735.2907476361202;0;0.05672505421934576
0.3919386495431681;643.4169776510438;0;0.0599643567135223
0.2774841818141183;806.3398095398377;0;0.055434360169288974
0.45192950302385215;623.797966274958;1;
0.4063268309574271;646.816495182611;3;
0.24916791666652868;855.0661935056278;1;
0.30098505740189335;682.3012088578741;0;0.07016537751591946
0.4284161615061148;632.1097404734394;1;
0.31816688619664646;719.0975949324356;0;0.05842470315636942
0.4297548322851717;632.4578320280747;1;
0.4380451333152623;624.7041419336804;1;
0.3177836201654793;731.698798285545;3;
0.3976362772925132;644.0979717574237;0;0.05938788194873239
0.4294539006731416;628.5525290915838;1;
0.31467050864407353;669.6193127723523;0;0.06827817666235084
0.25259556691766966;844.5647444818277;0;0.059804328191281196
0.2386039392157797;841.231736916807;0;0.07040230005942953
0.3413318139278487;695.4149315590173;3;
0.3382124449414116;654.7785122282393;0;0.06539371857474505
0.25352965545143386;778.4131845317075;0;0.07357760228124585
0.45283790808268604;580.4060461702724;0;0.06689827984532125
0.4383279260448067;581.876805116379;0;0.06729812118493123
0.3785595605362357;654.55110636502;0;0.059465146912558664
0.34741847320922453;630.0316840637494;0;0.06820025152402395
0.33606162925594446;635.2018678245901;0;0.06953836406903002
0.28635745985816957;796.8667874894244;1;
0.266156998338069;761.5337547884006;0;0.06933484751612415
0.2653942554146527;777.4377065421812;0;0.06640506130192614
0.382363910304711;654.1642871963279;3;
0.2520728088853452;828.9140115874703;0;0.06335238418545985
0.26138408390169765;768.0145243580855;0;0.07070822426355247
0.4565021015068431;577.8796242932444;0;0.0672013326129006
0.29763202024106555;711.8182638620914;0;0.06548723856351665
0.44364057118201533;580.7209391212153;0;0.06723625122815118
0.4102971702449898;637.8642930908331;0;0.05946267221982999
0.4002655293736224;649.7626648470371;3;
0.3135199106637904;678.2304393608066;0;0.06697316764244428
0.2419618811463155;848.0577524469887;0;0.06612347483108674
0.46892341609098204;574.1718155468793;0;0.06745799185516972
0.3653674180127879;623.9401268768258;0;0.06638136199612647
0.2419937753076435;837.315541743634;0;0.06851788761941108
0.39628067237119935;646.6550414698646;3;
0.2717537001846937;760.1435070860863;0;0.06666129546907897
0.36092529933511136;667.8004757547379;0;0.05939571584781472
0.3904546617476037;652.449727127051;0;0.058658700099442726
0.281571435358726;799.7585464319357;0;0.055077212183939336
0.392016942067853;660.6708410293544;3;
0.3000401409414719;690.4998644332036;0;0.06885253700622085
0.3765245916144269;657.2894009664604;0;0.059233406801253344
0.28050196735373384;735.6889275217482;0;0.06750216150303023
0.23985002151547835;847.3920784368062;0;0.06790341295176117
0.38281477961084526;609.0196317800859;0;0.06683664094722033
0.3619679998523213;673.1284865058309;3;
0.2541765493703751;845.8443102154488;1;
0.3416572394449228;642.2428543493783;0;0.06702053783266043
0.23595153893237153;874.3360530079035;1;
0.37980997519082654;658.1972368434294;0;0.0587562280382772
0.2794625791861257;822.7833101551179;1;
0.30545177102085724;690.1992739122869;0;0.06708977065292272
0.41528282423449603;632.6195134759118;0;0.059971489119624785
0.2843416958176952;799.0834905524516;1;
0.42304580823762766;585.4530471107296;0;0.06753225497942525
0.26619148240950274;823.7362793568528;0;0.05690774982461279
0.4153256128939931;633.2877971655141;0;0.05987280458238299
0.3472152804027243;644.0370207349412;0;0.06564400856444126
0.31856325470734814;677.6601015029877;0;0.06570146523787838
0.471438933730382;590.975705683072;1;
0.27379580691428274;767.0302583290952;0;0.06430836620449111
0.2450901913712485;854.2880504049994;0;0.062499044952358
0.3486817074066751;674.935365381746;0;0.05999264570847349
0.4494050153536672;616.082852395516;1;
0.42871240221639184;618.7651981758978;0;0.06144841123820968
0.30089421974314823;694.2030454484711;0;0.06780879863565334
0.3321559186799072;655.5912102843454;0;0.0665364993601017
0.2402877465338886;850.1462276914317;0;0.06690289328882455
0.31546219882379023;719.3337385522736;0;0.05901587821466367
0.38089810113407896;637.7753489938118;0;0.0619780113857622
0.31773987667792464;711.1085180616865;0;0.05987853545119449
0.45227420073310914;591.7623055872807;0;0.06493082773572365
0.2522126760802763;834.9774196660611;0;0.06199225388976483
0.43355644122642456;602.3074702054836;0;0.06394054385648569
0.3725119297172115;630.972320862603;0;0.0641387354035055
0.3891950963003963;638.9280749491131;0;0.06096620140988987
0.2509109096385792;840.5607710387189;0;0.06161850302338663
0.42180277605303224;602.6995538038807;0;0.06454984764048984
0.2929626915696483;772.4657379619944;0;0.056056197025058666
0.3833093071878975;627.6565714867226;0;0.06346077050403424
0.3388523443595211;692.0801741209116;0;0.05877563445530287
0.27538023260750666;784.8858018222762;0;0.060128131430972905
0.37263684162758554;644.0412340974119;0;0.06187459488286334
0.40667241283274624;635.7506836810247;0;0.06003468128984535
0.317859258264785;707.4541627677139;0;0.06047295330426773
0.2915362204747411;742.807800915873;0;0.061764324474448976
0.36739390721909815;620.1438960133102;0;0.06678130885427214
0.2571916292217995;797.1701370897536;0;0.06694078212799479
0.31800980945094515;687.1040500506394;0;0.06408038971626384
0.33734914913626546;682.2207652810337;0;0.0606928760069787
0.4359109034732595;607.6873974806155;0;0.06291998279473388
0.3133424963457786;726.2995164187006;0;0.05834080070022957
0.39987563434113643;605.6885424136248;0;0.06568962330654751
0.3920651129406873;637.3745133858129;0;0.06096123486833201
0.37637677163270017;622.502718205954;0;0.06517278267346344
0.28337918549933183;779.5782205435333;0;0.05798248374454398
0.2834264988217802;761.8711782707594;0;0.061238984858833556
0.2625190599695152;821.0915970376166;0;0.059152191409159706
0.2485470675633529;838.7174343007415;0;0.06352073422339743
0.263747594096252;817.0717816023977;0;0.05930858306247515
0.38635444060487534;615.4768554793263;0;0.06527029116042637
0.36402305704766247;661.9064962322298;0;0.059946558451786716
0.43835568793316576;596.2049024335531;0;0.06475918270214492
0.3449619310090473;690.8692131947761;3;
0.38437896906666424;628.3690414675592;0;0.06323259295740877
0.3264144708418403;678.7867683039515;0;0.06358055021231934
0.43007077568602003;606.3430481299015;0;0.06344204516120014
0.2429921397613094;861.310019402638;1;
0.2993721958314781;736.1398397425144;0;0.060452533590571025
0.37874571099185605;654.2668341042828;0;0.05948638541236853
0.43459707152065047;607.3735257126361;0;0.06302644337442531
0.3122538753356399;733.4073056225269;0;0.0574234830514295
0.4083431179801429;628.9612732736914;0;0.06103022095498303
0.4108499875815295;614.1303915629692;0;0.06332319087941879
0.3113723841409237;738.6941106675462;0;0.05672635018325071
0.31546067759989144;696.7665620079289;0;0.06298747425537611
0.258848667502471;823.7218371832652;0;0.06051480005279016
0.45678814247185723;589.6729686187258;0;0.06512174525295833
0.3347291062217458;689.0944669722008;0;0.060030460702518426
0.30424249462677644;715.1141272932956;0;0.06278414633601298
0.33939234757102305;665.5243162213691;0;0.06322008090510838
0.38408139795749524;632.7601640624929;0;0.0624905294288046
0.40952264263724103;623.6118603603647;0;0.06182733260855849
0.24856631637399781;827.7207792909583;0;0.06587128648133261
0.4485792207953704;603.6036950085515;0;0.06305328271981832
0.31401136993366874;721.7818861907547;0;0.05894196523797799
0.3101365834754702;724.587884197824;0;0.0594356232834032
0.28448345354018045;754.9044053665261;0;0.062116221438496405
0.24705775823366988;841.7928614202006;0;0.06386740162646204
0.35034249515924837;661.8721434660566;0;0.061934173621603555
0.2817774821459998;745.3525964703946;0;0.06503647612039314
0.3983536698063501;635.5747357132964;0;0.06071266668756833
0.4031816175690474;637.8260606120068;0;0.05997515401539485
0.39923749597222474;636.1820486618979;0;0.0605339254947972
0.418977123434934;603.4779417982146;0;0.06459557901897771
0.45061928591226097;597.7950251732616;0;0.0639506156617462
0.28339716897921335;795.6456894482573;0;0.055171158818781
0.39258638002209245;633.5632577732121;0;0.06154310162117599
0.3814200599564891;661.7005807032629;3;
0.27616517677636243;805.4757612665466;0;0.05609033917973347
0.272021957810214;793.1291479505438;0;0.06004735284547599
0.26929342491138897;793.3474871209175;0;0.06121942970845266
0.282076950309741;766.7127743469749;0;0.06083544443243187
0.431215618014671;596.5447978397208;0;0.06505499168246942
0.2940107907028585;765.7511073711253;0;0.05689265046801476
0.2938449106185446;757.9095419502079;0;0.05829497062455172
0.24291777664525147;859.0971491759605;0;0.06293142724357506
0.3110219546287869;738.0576788380982;0;0.05695135640005331
0.4072946565964776;637.6358728368157;3;
0.27944238983654135;779.9146186967854;0;0.05941754046586084
0.3673859663100037;658.0679715899998;0;0.06015805926975047
0.32255938838752507;702.1906891616409;0;0.06030514325638518
0.29298254966291437;771.6437869932719;0;0.05619709845296928
0.2765974432934075;765.1518631462126;0;0.06340527657461001
0.37931238255178945;653.6437004392374;0;0.05953505460776259
0.2708780845886061;794.3819450717023;0;0.060323453757108
0.30144024604507;742.3818885103751;0;0.058730427414405
0.3025656442374925;753.5871001006335;0;0.05649778749498427
0.3120092906176659;709.0806867533028;0;0.061681204656212366
0.28412744350613545;791.8376134253039;0;0.055569806123092536
0.401546267143211;626.9961523732143;0;0.061870516090553405
0.30875342445087745;741.4769851242384;0;0.05694049278610605
0.3426081727472442;692.1157675678472;0;0.05812785900093209
0.3657407355331219;668.2859059210111;0;0.05869196037279963
0.3960778147948083;644.381544196282;0;0.05946109230519888
0.2999625423010804;746.6904651078445;0;0.05841516473451573
0.27322661848344265;772.4286199686896;0;0.06348024592416915
0.30744090699433263;739.8227341635431;0;0.057538814098272044
0.2951500071266623;799.7585464319357;1;
0.281571435358726;834.7464737535325;1;
0.26799286359078967;834.7464737535325;1;
0.28836072124269413;808.5055282623349;1;
0.281571435358726;817.2525100927342;1;
0.28836072124269413;799.7585464319357;1;
0.2747821494747579;817.252510092734;1;
0.28496607830071;804.1320373471353;1;
0.281571435358726;808.5055282623349;1;
0.28496607830071;799.7585464319357;1;
0.2781767924167419;808.5055282623349;1;
0.283268756829718;801.9452918895356;1;
0.281571435358726;804.1320373471353;1;
0.283268756829718;799.7585464319357;1;
0.279874113887734;804.1320373471355;1;
0.28242009609422203;800.8519191607356;1;
0.281571435358726;801.9452918895356;1;
0.28242009609422203;799.7585464319357;1;
0.28072277462323;801.9452918895356;0;0.05501430200827307
0.279874113887734;803.0386646183355;0;0.05514678599424175
0.28072277462323;799.7585464319357;0;0.055375597281397994
0.280934939807104;800.3052327963356;0;0.05522744081814294
0.28135927017485196;801.3986055251356;1;
0.281041022399041;800.5785759785357;0;0.05511893309581853
0.28125318758291495;801.1252623429356;0;0.05497182949731544
0.2813592701748519;801.3986055251356;1;
0.28040452684741896;803.3120078005354;1;
0.2812797082308992;800.6469117740858;0;0.0550636119776471
0.2806962539752457;802.4236424583854;1;
0.2811338446669859;801.0910944451607;0;0.05502244015185839
0.28084211753915905;801.9794597873105;1;
0.28106091288502916;801.3131857806982;0;0.054990338613382414
0.28159132584471414;800.4931562340983;0;0.05494884644096893
0.2820256014554562;799.7670884063796;0;0.05491755499358833
0.282217876153342;799.5791649686171;0;0.05489985079197099
0.28279635778749845;798.7121545625765;0;0.05485690495689235
0.28356877166003963;797.3539806260205;3;
0.28183208360219614;800.1824419137068;0;0.05492280192329167
0.2829898756407585;798.2968010552494;0;0.054875230908929776
0.28376063197280066;797.2418672114463;3;
0.2824593590847923;799.1357831076463;0;0.05490848878545383
0.28332687434346454;797.8731725101796;0;0.05482458773433732
0.28376063197280066;797.2418672114463;3;
0.28313335649020455;798.2885260175068;3;
0.28302574585312;798.2947322958138;3;
0.2830616160654815;798.2926635363781;3;
0.2831583749921115;798.0849867827145;3;
0.2834236332700946;797.6654957565163;0;0.05482260859444185
0.28360464187240114;797.3519118665854;3;
0.28359213262144756;797.4536814839813;3;
0.28348369321411354;797.6115078086647;0;0.05481618785212242
0.2835804521407436;797.4038310550013;0;0.05479176933730577
0.28370724103938316;797.1691603274121;0;0.05480938366721499
0.28364051208476265;797.3498431071497;3;
0.2834778529737616;797.5865825941747;3;
0.28353207267742864;797.5076694318329;3;
0.2835020427054191;797.5346634057588;3;
0.283610482112753;797.3768370810755;0;0.05478858970137638
0.28366470181642;797.2979239187339;3;
0.2836588615760681;797.272998704244;3;
0.2836271643514082;797.3316663861411;3;
0.2835637699020885;797.4490017499357;3;
0.2836113157390783;797.3610002270898;3;
0.28357961851441843;797.4196679089871;0;0.05478799311846971
0.2835637699020885;797.4490017499357;3;
